Bioproject_ID,Project_name,Study_description,inclusion_exclusion_criteria,Grants,submitted_by,Lab_name,Center_Name,First_Authors_and_PI,pub_ids,Donors,Synthetic,Organism,Sex,Age,Age_event,Ancestry_population,Ethnicity,Race,Strain_name,linked_subjects,Link_type,Study_group_description,Disease_Diagnosis,Disease_length,Disease_stage,Prior_therapies,Immunogen,Intervention,medical_history,Sample_Identifier,Sample_Type,Tissue,Anatomic_site,Disease_state,Time_Points,Collection_time_event,Biomaterial_provider,Tissue_processing,Cell_Type,Cell_markers,Single_cell,Number_of_reads_per_rxn,Estimated_Number_cells_per_seq_rxn,Cell_storage,Cell_quality,Cell_isolation,Cell_processing_protocol,DNA_type,Library_quality,Template_amount,SRA_Library_Selection,library_generation_protocol,protocol_id,Target_locus_for_PCR,forward_PCR_primer_target_location,reverse_PCR_primer_target_location,Complete_sequences,Physical_linkage,total_reads_passing_qc_filter,Sequencing_method,read_length,sequencing_facility,sequencing_run_id,sequencing_run_date,sequencing_kit,Software_versions,Paired_read_assembly,quality_thresholds,primer_match_cutoffs,collapsing_method,data_processing_protocols,germline_database,Year,Accession,Bioproject_BioSample_ID,Sample_ID,Sample_name,Library_name,Library_Source,Experiment_name,Experiment_ID,Adapter_Sequence_Forward ,Adapter_Sequence_Reverse,Forward_Primers,Reverse_Primers,Receptor_Type,Heavy_or_Light_chain,Gene_Derivation_Heavy,Gene_Derivation_Light,Run_ID,single_or_paired,regions_included_in_sequence,Antigen ,Spot_Descriptor,Barcode_1,Barcode_2,fasta_file_name,igblast_file_name,imgt_file_name,mixcr_file_name
study_id,study_title,study_description,inclusion_exclusion_criteria,grants,submitted_by,lab_name,lab_address,collected_by,pub_ids,subject_id,synthetic,organism,sex,age,age_event,ancestry_population,ethnicity,race,strain_name,linked_subjects,link_type,study_group_description,disease_diagnosis,disease_length,disease_stage,prior_therapies,immunogen,intervention,medical_history,sample_id,sample_type,tissue,anatomic_site,disease_state_sample,collection_time_point_relative,collection_time_point_reference,biomaterial_provider,tissue_processing,cell_subset,cell_phenotype,single_cell,cell_number,cells_per_reaction,cell_storage,cell_quality,cell_isolation,cell_processing_protocol,template_class,template_quality,template_amount,library_construction_method,library_generation_protocol,library_generation_kit_version,pcr_target_locus,forward_PCR_primer_target_location,reverse_PCR_primer_target_location,complete_sequences,physical_linkage,total_reads_passing_qc_filter,sequencing_platform,read_length,sequencing_facility,sequencing_run_id,sequencing_run_date,sequencing_kit,software_versions,paired_read_assembly,quality_thresholds,primer_match_cutoffs,collapsing_method,data_processing_protocols,germline_database,,,,,,,library_source,,,,,,,,,,,,,,,,,,,,,
PRJNA248411,Immunoglobulin repertoire in multiple sclerosis,Multiple Sclerosis Study,,,,Von Budingen Lab,University of California San Francisco (UCSF),"Palanichamy, Apeltsin et al ",,43213_CSF,,Homo sapiens,F,34,,,NA,,,,,Case,Multiple Sclerosis,,,,,,,43123_CSF,,PBMC,,Multiple Sclerosis,one,,,,Mature B cell,"CD19, IgD, CD27",,NA,1*10^9,,,,,cDNA,,,RT-PCR,,,,IGHV,,,,20873,454 GS FLX Titanium,,,,,,,,30,,,,,2014,PRJNA248411,SAMN02798276,SRS619243,43213_CSF,NA,Transcriptomic,,SRX551536,Titanium Primer A: CCATCTCATCCCTGCGTGTC Titanium Primer B: CCTATCCCCTGTGTGCCTTG,NA,"GGGAAGACGGATGGGCCCTTGGTGG, GATGGAGTCGGGAAGGAAGTCCTGTGCGAG",NA,BCR,Heavy,IGHV,NA,SRR1298742,single,CDR1-3,NA,1 Forward,,,filtered_SRR1298742.fasta,filtered_SRR1298742.fmt7,SRR1298742.txz,NA
PRJNA248411,Immunoglobulin repertoire in multiple sclerosis,Multiple Sclerosis Study,,,,Von Budingen Lab,University of California San Francisco (UCSF),"Palanichamy, Apeltsin et al ",,43113_CSF,,Homo sapiens,F,31,,,NA,,,,,Case,Multiple Sclerosis,,,,,,,43113_CSF,,PBMC,,Multiple Sclerosis,one,,,,Mature B cell,"CD19, IgD, CD27",,NA,1*10^9,,,,,cDNA,,,RT-PCR,,,,IGHV,,,,13811,454 GS FLX Titanium,,,,,,,,30,,,,,2014,PRJNA248411,SAMN02798275,SRS619242,43114_CSF,NA,Transcriptomic,,SRX551535,Titanium Primer A: CCATCTCATCCCTGCGTGTC Titanium Primer B: CCTATCCCCTGTGTGCCTTG,NA,"GGGAAGACGGATGGGCCCTTGGTGG, GATGGAGTCGGGAAGGAAGTCCTGTGCGAG",NA,BCR,Heavy,IGHV,NA,SRR1298740,single,CDR1-3,NA,1 Forward,,,filtered_SRR1298740.fasta,filtered_SRR1298740.fmt7,SRR1298740.txz,NA
PRJNA248411,Immunoglobulin repertoire in multiple sclerosis,Multiple Sclerosis Study,,,,Von Budingen Lab,University of California San Francisco (UCSF),"Palanichamy, Apeltsin et al ",,34012_CSF,,Homo sapiens,M,43,,,NA,,,,,Case,Multiple Sclerosis,,,,,,,34012_CSF,,PBMC,,Multiple Sclerosis,one,,,,Mature B cell,"CD19, IgD, CD27",,NA,1*10^9,,,,,cDNA,,,RT-PCR,,,,IGHV,,,,18009,454 GS FLX Titanium,,,,,,,,30,,,,,2014,PRJNA248411,SAMN02798274,SRS619241,34012_CSF,NA,Transcriptomic,,SRX551534,Titanium Primer A: CCATCTCATCCCTGCGTGTC Titanium Primer B: CCTATCCCCTGTGTGCCTTG,NA,"GGGAAGACGGATGGGCCCTTGGTGG, GATGGAGTCGGGAAGGAAGTCCTGTGCGAG",NA,BCR,Heavy,IGHV,NA,SRR1298738,single,CDR1-3,NA,1 Forward,,,filtered_SRR1298738.fasta,filtered_SRR1298738.fmt7,SRR1298738.txz,NA
PRJNA248411,Immunoglobulin repertoire in multiple sclerosis,Multiple Sclerosis Study,,,,Von Budingen Lab,University of California San Francisco (UCSF),"Palanichamy, Apeltsin et al ",,31012_CSF,,Homo sapiens,F,37,,,NA,,,,,Case,Multiple Sclerosis,,,,,,,31012_CSF,,PBMC,,Multiple Sclerosis,one,,,,Mature B cell,"CD19, IgD, CD27",,NA,1*10^9,,,,,cDNA,,,RT-PCR,,,,IGHV,,,,5637,454 GS FLX Titanium,,,,,,,,30,,,,,2014,PRJNA248411,SAMN02798273,SRS619240,31012_CSF,NA,Transcriptomic,,SRX551533,Titanium Primer A: CCATCTCATCCCTGCGTGTC Titanium Primer B: CCTATCCCCTGTGTGCCTTG,NA,"GGGAAGACGGATGGGCCCTTGGTGG, GATGGAGTCGGGAAGGAAGTCCTGTGCGAG",NA,BCR,Heavy,IGHV,NA,SRR1298736,single,CDR1-3,NA,1 Forward,,,filtered_SRR1298736.fasta,filtered_SRR1298736.fmt7,SRR1298736.txz,NA
PRJNA248411,Immunoglobulin repertoire in multiple sclerosis,Multiple Sclerosis Study,,,,Von Budingen Lab,University of California San Francisco (UCSF),"Palanichamy, Apeltsin et al ",,30512_CSF,,Homo sapiens,M,34,,,NA,,,,,Case,Multiple Sclerosis,,,,,,,30512_CSF,,PBMC,,Multiple Sclerosis,one,,,,Mature B cell,"CD19, IgD, CD27",,NA,1*10^9,,,,,cDNA,,,RT-PCR,,,,IGHV,,,,4854,454 GS FLX Titanium,,,,,,,,30,,,,,2014,PRJNA248411,SAMN02798272,SRS619239,30512_CSF,NA,Transcriptomic,,SRX551532,Titanium Primer A: CCATCTCATCCCTGCGTGTC Titanium Primer B: CCTATCCCCTGTGTGCCTTG,NA,"GGGAAGACGGATGGGCCCTTGGTGG, GATGGAGTCGGGAAGGAAGTCCTGTGCGAG",NA,BCR,Heavy,IGHV,NA,SRR1298734 ,single,CDR1-3,NA,1 Forward,,,filtered_SRR1298734.fasta,filtered_SRR1298734.fmt7,SRR1298734.txz,NA
PRJNA248411,Immunoglobulin repertoire in multiple sclerosis,Multiple Sclerosis Study,,,,Von Budingen Lab,University of California San Francisco (UCSF),"Palanichamy, Apeltsin et al ",,29612_CSF,,Homo sapiens,M,22,,,NA,,,,,Case,Multiple Sclerosis,,,,,,,29612_CSF,,PBMC,,Multiple Sclerosis,one,,,,Mature B cell,"CD19, IgD, CD27",,NA,1*10^9,,,,,cDNA,,,RT-PCR,,,,IGHV,,,,20617,454 GS FLX Titanium,,,,,,,,30,,,,,2014,PRJNA248411,SAMN02798271,SRS619238,29612_CSF,NA,Transcriptomic,,SRX551531,Titanium Primer A: CCATCTCATCCCTGCGTGTC Titanium Primer B: CCTATCCCCTGTGTGCCTTG,NA,"GGGAAGACGGATGGGCCCTTGGTGG, GATGGAGTCGGGAAGGAAGTCCTGTGCGAG",NA,BCR,Heavy,IGHV,NA,SRR1298733,single,CDR1-3,NA,1 Forward,,,filtered_SRR1298733.fasta,filtered_SRR1298733.fmt7,SRR1298733.txz,NA
PRJNA248411,Immunoglobulin repertoire in multiple sclerosis,Multiple Sclerosis Study,,,,Von Budingen Lab,University of California San Francisco (UCSF),"Palanichamy, Apeltsin et al ",,26712_CSF,,Homo sapiens,F,54,,,NA,,,,,Case,Multiple Sclerosis,,,,,,,26712_CSF,,PBMC,,Multiple Sclerosis,one,,,,Mature B cell,"CD19, IgD, CD27",,NA,1*10^9,,,,,cDNA,,,RT-PCR,,,,IGHV,,,,149015,454 GS FLX Titanium,,,,,,,,30,,,,,2014,PRJNA248411,SAMN02798270,SRS619237,26712_CSF,NA,Transcriptomic,,SRX551530,Titanium Primer A: CCATCTCATCCCTGCGTGTC Titanium Primer B: CCTATCCCCTGTGTGCCTTG,NA,"GGGAAGACGGATGGGCCCTTGGTGG, GATGGAGTCGGGAAGGAAGTCCTGTGCGAG",NA,BCR,Heavy,IGHV,NA,SRR1298732 ,single,CDR1-3,NA,1 Forward,,,filtered_SRR1298732.fasta,filtered_SRR1298732.fmt7,SRR1298732.txz,NA
PRJNA248411,Immunoglobulin repertoire in multiple sclerosis,Multiple Sclerosis Study,,,,Von Budingen Lab,University of California San Francisco (UCSF),"Palanichamy, Apeltsin et al ",,14711_CSF,,Homo sapiens,M,20,,,NA,,,,,Case,Multiple Sclerosis,,,,,,,14711_CSF,,PBMC,,Multiple Sclerosis,one,,,,Mature B cell,"CD19, IgD, CD27",,NA,1*10^9,,,,,cDNA,,,RT-PCR,,,,IGHV,,,,179282,454 GS FLX Titanium,,,,,,,,30,,,,,2014,PRJNA248411,SAMN02798269,SRS619233,14711_CSF,NA,Transcriptomic,,SRX551525,Titanium Primer A: CCATCTCATCCCTGCGTGTC Titanium Primer B: CCTATCCCCTGTGTGCCTTG,NA,"GGGAAGACGGATGGGCCCTTGGTGG, GATGGAGTCGGGAAGGAAGTCCTGTGCGAG",NA,BCR,Heavy,IGHV,NA,SRR1298731,single,CDR1-3,NA,1 Forward,,,filtered_SRR1298731.fasta,filtered_SRR1298731.fmt7,SRR1298731.txz,NA
PRJNA248411,Immunoglobulin repertoire in multiple sclerosis,Multiple Sclerosis Study,,,,Von Budingen Lab,University of California San Francisco (UCSF),"Palanichamy, Apeltsin et al ",,43213_PBMC,,Homo sapiens,F,34,,,NA,,,,,Case,Multiple Sclerosis,,,,,,,43213_PBMC,,PBMC,,Multiple Sclerosis,one,,,,Mature B cell,"CD19, IgD, CD27",,NA,1*10^9,,,,,cDNA,,,RT-PCR,,,,IGHV,,,,97691,454 GS FLX Titanium,,,,,,,,30,,,,,2014,PRJNA248411,SAMN02798268,SRS619231,43213_PBMC,NA,Transcriptomic,,SRX551524,Titanium Primer A: CCATCTCATCCCTGCGTGTC Titanium Primer B: CCTATCCCCTGTGTGCCTTG,NA,"GGGAAGACGGATGGGCCCTTGGTGG, GATGGAGTCGGGAAGGAAGTCCTGTGCGAG",NA,BCR,Heavy,IGHV,NA,SRR1298743,single,CDR1-3,NA,1 Forward,,,filtered_SRR1298743.fasta,filtered_SRR1298743.fmt7,SRR1298743.txz,NA
PRJNA248411,Immunoglobulin repertoire in multiple sclerosis,Multiple Sclerosis Study,,,,Von Budingen Lab,University of California San Francisco (UCSF),"Palanichamy, Apeltsin et al ",,43113_PBMC,,Homo sapiens,F,31,,,NA,,,,,Case,Multiple Sclerosis,,,,,,,43113_PBMC,,PBMC,,Multiple Sclerosis,one,,,,Mature B cell,"CD19, IgD, CD27",,NA,1*10^9,,,,,cDNA,,,RT-PCR,,,,IGHV,,,,162264,454 GS FLX Titanium,,,,,,,,30,,,,,2014,PRJNA248411,SAMN02798267,SRS619230,43113_PBMC,NA,Transcriptomic,,SRX551523,Titanium Primer A: CCATCTCATCCCTGCGTGTC Titanium Primer B: CCTATCCCCTGTGTGCCTTG,NA,"GGGAAGACGGATGGGCCCTTGGTGG, GATGGAGTCGGGAAGGAAGTCCTGTGCGAG",NA,BCR,Heavy,IGHV,NA,SRR1298741 ,single,CDR1-3,NA,1 Forward,,,filtered_SRR1298741.fasta,filtered_SRR1298741.fmt7,SRR1298741.txz,NA
PRJNA248411,Immunoglobulin repertoire in multiple sclerosis,Multiple Sclerosis Study,,,,Von Budingen Lab,University of California San Francisco (UCSF),"Palanichamy, Apeltsin et al ",,34012_PBMC,,Homo sapiens,M,43,,,NA,,,,,Case,Multiple Sclerosis,,,,,,,34012_PBMC,,PBMC,,Multiple Sclerosis,one,,,,Mature B cell,"CD19, IgD, CD27",,NA,1*10^9,,,,,cDNA,,,RT-PCR,,,,IGHV,,,,176463,454 GS FLX Titanium,,,,,,,,30,,,,,2014,PRJNA248411,SAMN02798266,SRS619229,34012_PBMC,NA,Transcriptomic,,SRX551522,Titanium Primer A: CCATCTCATCCCTGCGTGTC Titanium Primer B: CCTATCCCCTGTGTGCCTTG,NA,"GGGAAGACGGATGGGCCCTTGGTGG, GATGGAGTCGGGAAGGAAGTCCTGTGCGAG",NA,BCR,Heavy,IGHV,NA,SRR1298739 ,single,CDR1-3,NA,1 Forward,,,filtered_SRR1298739.fasta,filtered_SRR1298739.fmt7,SRR1298739.txz,NA
PRJNA248411,Immunoglobulin repertoire in multiple sclerosis,Multiple Sclerosis Study,,,,Von Budingen Lab,University of California San Francisco (UCSF),"Palanichamy, Apeltsin et al ",,31012_PBMC,,Homo sapiens,F,37,,,NA,,,,,Case,Multiple Sclerosis,,,,,,,31012_PBMC,,PBMC,,Multiple Sclerosis,one,,,,Mature B cell,"CD19, IgD, CD27",,NA,1*10^9,,,,,cDNA,,,RT-PCR,,,,IGHV,,,,149015,454 GS FLX Titanium,,,,,,,,30,,,,,2014,PRJNA248411,SAMN02798265,SRS619228,31012_PBMC,NA,Transcriptomic,,SRX551521,Titanium Primer A: CCATCTCATCCCTGCGTGTC Titanium Primer B: CCTATCCCCTGTGTGCCTTG,NA,"GGGAAGACGGATGGGCCCTTGGTGG, GATGGAGTCGGGAAGGAAGTCCTGTGCGAG",NA,BCR,Heavy,IGHV,NA,SRR1298737,single,CDR1-3,NA,1 Forward,,,filtered_SRR1298737.fasta,filtered_SRR1298737.fmt7,SRR1298737.txz,NA
PRJNA248411,Immunoglobulin repertoire in multiple sclerosis,Multiple Sclerosis Study,,,,Von Budingen Lab,University of California San Francisco (UCSF),"Palanichamy, Apeltsin et al ",,30512_PBMC,,Homo sapiens,M,34,,,NA,,,,,Case,Multiple Sclerosis,,,,,,,30512_PBMC,,PBMC,,Multiple Sclerosis,one,,,,Mature B cell,"CD19, IgD, CD27",,NA,1*10^9,,,,,cDNA,,,RT-PCR,,,,IGHV,,,,142558,454 GS FLX Titanium,,,,,,,,30,,,,,2014,PRJNA248411,SAMN02798264,SRS619227,30512_PBMC,NA,Transcriptomic,,SRX551520,Titanium Primer A: CCATCTCATCCCTGCGTGTC Titanium Primer B: CCTATCCCCTGTGTGCCTTG,NA,"GGGAAGACGGATGGGCCCTTGGTGG, GATGGAGTCGGGAAGGAAGTCCTGTGCGAG",NA,BCR,Heavy,IGHV,NA,SRR1298735,single,CDR1-3,NA,1 Forward,,,filtered_SRR1298735.fasta,filtered_SRR1298735.fmt7,SRR1298735.txz,NA
PRJNA248411,Immunoglobulin repertoire in multiple sclerosis,Multiple Sclerosis Study,,,,Von Budingen Lab,University of California San Francisco (UCSF),"Palanichamy, Apeltsin et al ",,29612_PBMC,,Homo sapiens,M,22,,,NA,,,,,Case,Multiple Sclerosis,,,,,,, 29612_PBMC,,PBMC,,Multiple Sclerosis,one,,,,Mature B cell,"CD19, IgD, CD27",,NA,1*10^9,,,,,cDNA,,,RT-PCR,,,,IGHV,,,,118607,454 GS FLX Titanium,,,,,,,,30,,,,,2014,PRJNA248411,SAMN02798263,SRS619226,29612_PBMC,NA,Transcriptomic,,SRX551519,Titanium Primer A: CCATCTCATCCCTGCGTGTC Titanium Primer B: CCTATCCCCTGTGTGCCTTG,NA,"GGGAAGACGGATGGGCCCTTGGTGG, GATGGAGTCGGGAAGGAAGTCCTGTGCGAG",NA,BCR,Heavy,IGHV,NA,SRR1298383,single,CDR1-3,NA,1 Forward,,,filtered_SRR1298383.fasta,filtered_SRR1298383.fmt7,SRR1298383.txz,NA
PRJNA248411,Immunoglobulin repertoire in multiple sclerosis,Multiple Sclerosis Study,,,,Von Budingen Lab,University of California San Francisco (UCSF),"Palanichamy, Apeltsin et al ",,14711_PBMC,,Homo sapiens,M,20,,,NA,,,,,Case,Multiple Sclerosis,,,,,,,14711_PBMC,,PBMC,,Multiple Sclerosis,one,,,,Mature B cell,"CD19, IgD, CD27",,NA,1*10^9,,,,,cDNA,,,RT-PCR,,,,IGHV,,,,"1,855,317",454 GS FLX Titanium,,,,,,,,25,,,,,2014,PRJNA248411,SAMN02798261,SRS619113,14711_PBMC,NA,Transcriptomic,,SRX551515,Titanium Primer A: CCATCTCATCCCTGCGTGTC Titanium Primer B: CCTATCCCCTGTGTGCCTTG,NA,"GGGAAGACGGATGGGCCCTTGGTGG, GATGGAGTCGGGAAGGAAGTCCTGTGCGAG",NA,BCR,Heavy,IGHV,NA,SRR1298730 ,single,CDR1-3,NA,1 Forward,,,filtered_SRR1298730.fasta,filtered_SRR1298730.fmt7,SRR1298730.txz,NA
PRJNA248411,Immunoglobulin repertoire in multiple sclerosis,Multiple Sclerosis Study,,,,Von Budingen Lab,University of California San Francisco (UCSF),"Palanichamy, Apeltsin et al ",,26712_PBMC,,Homo sapiens,F,54,,,NA,,,,,Case,Multiple Sclerosis,,,,,,,26712_PBMC,,PBMC,,Multiple Sclerosis,one,,,,Mature B cell,"CD19, IgD, CD27",,NA,1*10^9,,,,,cDNA,,,RT-PCR,,,,IGHV,,,,"1,493,227",454 GS FLX Titanium,,,,,,,,25,,,,,2014,PRJNA248411,SAMN02798262,SRS619211,26712_PBMC,NA,Transcriptomic,,SRX551502,Titanium Primer A: CCATCTCATCCCTGCGTGTC Titanium Primer B: CCTATCCCCTGTGTGCCTTG,NA,"GGGAAGACGGATGGGCCCTTGGTGG, GATGGAGTCGGGAAGGAAGTCCTGTGCGAG",NA,BCR,Heavy,IGHV,NA,SRR1297001,single,CDR1-3,NA,1 Forward,,,filtered_SRR1297001.fasta,filtered_SRR1297001.fmt7,SRR1297001.txz,NA
